"id","name","phone","email","currency","country"
1,"Maris Garrett","1-748-523-2645","ante@yahoo.org","$99.41","Costa Rica"
2,"Dieter Wong","(356) 944-4052","praesent.interdum@aol.edu","$21.34","Pakistan"
3,"Sigourney Elliott","(311) 782-0530","duis.dignissim.tempor@google.com","$63.71","Poland"
4,"Cyrus Richardson","1-229-614-7225","diam.nunc@protonmail.ca","$55.56","Italy"
5,"Leroy Peters","1-730-869-4513","purus.in@protonmail.net","$79.77","Colombia"
6,"Naomi Peters","1-302-826-4102","vitae.velit@icloud.couk","$32.81","Brazil"
7,"Scott Howe","1-335-723-9122","nunc.pulvinar.arcu@outlook.com","$67.35","Belgium"
8,"Samantha Wade","1-878-482-0686","nulla.ante.iaculis@outlook.org","$89.72","New Zealand"
9,"Erin Hamilton","(431) 557-4857","mi.eleifend.egestas@outlook.edu","$30.79","Singapore"
10,"Matthew Blevins","1-153-868-8248","lorem.vitae@outlook.net","$65.31","Ukraine"
11,"Eleanor Burks","1-534-922-0015","interdum.feugiat@aol.com","$34.67","Philippines"
12,"Latifah Padilla","1-490-557-4123","metus@icloud.net","$38.03","New Zealand"
13,"Lyle Floyd","1-526-414-1300","tellus@hotmail.com","$33.04","Germany"
14,"Karyn Kline","(418) 714-6927","proin.mi@aol.ca","$96.22","New Zealand"
15,"Ivan Blackwell","(177) 348-2786","aliquet.proin@google.com","$23.38","Ukraine"
16,"Russell Rodgers","1-788-885-8633","ridiculus.mus@yahoo.org","$93.05","Spain"
17,"Cathleen Barnes","1-237-936-8685","morbi.accumsan@hotmail.couk","$88.66","Philippines"
18,"Gray Kirk","(954) 368-4701","lectus.pede@aol.ca","$9.33","South Africa"
19,"Amir Garner","1-218-187-8758","velit.in.aliquet@protonmail.com","$21.48","Germany"
20,"Nero Tran","(247) 465-5291","elit.pharetra@yahoo.ca","$20.50","Sweden"
21,"Keith Bryant","(185) 132-5174","nam.nulla.magna@outlook.couk","$53.04","Peru"
22,"Jaime Williamson","1-444-827-4552","nam.consequat.dolor@protonmail.org","$20.55","Poland"
23,"Nathaniel Mejia","(914) 368-9773","ac.risus@protonmail.ca","$91.95","Poland"
24,"Jolene Daniel","1-244-551-6270","curae.phasellus@aol.net","$63.71","Turkey"
25,"Felicia Dotson","1-425-671-7949","tortor.nibh@aol.net","$86.65","Belgium"
26,"Carter Walter","(460) 295-4516","ultricies.dignissim@protonmail.couk","$70.68","Pakistan"
27,"Charde Guthrie","(891) 215-7331","donec.dignissim.magna@yahoo.org","$87.16","Nigeria"
28,"Macon Solomon","(568) 718-3863","class@outlook.org","$69.18","New Zealand"